Column Name 1	Column Name 2	Column Name 3	Column Name 4	Column Name 5	Column Name 6	Column Name 7	Column Name 8	Column Name 9	Column Name 10
Value 1	Value 1	Value 1	Value 1	Value 1	Value 1	Value 1	Value 1	Value 1	Value 1
Value 2	Value 2	Value 2	Value 2	Value 2	Value 2	Value 2	Value 2	Value 2	Value 2
Value 3	Value 3	Value 3	Value 3	Value 3	Value 3	Value 3	Value 3	Value 3	Value 3
Value 4	Value 4	Value 4	Value 4	Value 4	Value 4	Value 4	Value 4	Value 4	Value 4
Value 5	Value 5	Value 5	Value 5	Value 5	Value 5	Value 5	Value 5	Value 5	Value 5
Value 6	Value 6	Value 6	Value 6	Value 6	Value 6	Value 6	Value 6	Value 6	Value 6
Value 7	Value 7	Value 7	Value 7	Value 7	Value 7	Value 7	Value 7	Value 7	Value 7
Value 8	Value 8	Value 8	Value 8	Value 8	Value 8	Value 8	Value 8	Value 8	Value 8
Value 9	Value 9	Value 9	Value 9	Value 9	Value 9	Value 9	Value 9	Value 9	Value 9
Value 10	Value 10	Value 10	Value 10	Value 10	Value 10	Value 10	Value 10	Value 10	Value 10
